model,rmse,mae,mape_%,pi_95_coverage_%
GP (non-load),129.2829113925721,101.15987148959042,5.93798357692685,91.24293785310734
